FHDI_Herb_ID,Herb_Latin_Name,,,,,H00014
H00001,Acacia nilotica,,,,,H00031
H00002,Acacia arabica,,,,,H00034
H00004,Ferula assa-foetida,,,,,H00037
H00005,Ardisiae japonicae,,,,,H00041
H00006,Ephedra minuta,,,,,H00045
H00007,Folium Artemisiae Argyi,,,,,H00049
H00008,Phyllanthus emblica,,,,,H00053
H00009,Benzoinum,,,,,H00055
H00010,Eucalyptus globulus,,,,,H00056
H00011,Magnolia biloba,,,,,H00072
H00012,Croton tiglium L.,,,,,H00093
H00013,Radix Morindae officinalis,,,,,H00096
H00014,NA,,,,,H00128
H00015,Fructus Anisi Stellati,,,,,H00141
H00016,Dysosma versipellis,,,,,H00148
H00017,Ilex paraguariensis,,,,,H00157
H00018,Paullinia cupana,,,,,H00179
H00019,Galium aparine,,,,,H00192
H00020,Semen Lablab Album,,,,,H00199
H00021,Acorus calamus,,,,,H00200
H00022,Nitraria tangutorum,,,,,H00209
H00023,Sophora viciifolia,,,,,H00249
H00024,Rhizoma Typhonii,,,,,H00258
H00025,Semen Ginkgo,,,,,H00263
H00026,Lithospermum officinale,,,,,H00270
H00027,Bulbus Lilii,,,,,H00283
H00028,Cleome gynandra L.,,,,,H00291
H00029,Plumbago zeylanica,,,,,H00297
H00030,Salvia miltiorrhiza f. alba,,,,,H00299
H00031,NA,,,,,H00300
H00032,Peucedanum praeruptorum,,,,,H00304
H00033,Herba Hedyotis Diffusae,,,,,H00314
H00034,NA,,,,,H00316
H00035,Patrinia villosa,,,,,H00317
H00036,Herba Patriniae,,,,,H00322
H00037,NA,,,,,H00332
H00038,Veratrum album,,,,,H00368
H00039,Thymus serpyllum,,,,,H00375
H00040,Radix Ampelopsis,,,,,H00379
H00041,NA,,,,,H00380
H00042,Herba Serissae,,,,,H00384
H00043,Imperata cylindrica var. major,,,,,H00387
H00044,Hydrastis canadensis,,,,,H00451
H00045,NA,,,,,H00452
H00046,Herha Ajugae Ciliatae,,,,,H00453
H00047,Prunus mume,,,,,H00472
H00048,Aquilaria sinensis,,,,,H00474
H00049,NA,,,,,H00475
H00050,Thesium chinense,,,,,H00509
H00051,Radix Paeoniae Alba,,,,,H00528
H00052,Radix Pulsatillae,,,,,H00531
H00053,NA,,,,,H00536
H00055,NA,,,,,H00558
H00056,NA,,,,,H00579
H00057,Radix Angelicae Dahuricae,,,,,H00589
H00058,Semen Biotae,,,,,H00611
H00059,Herba Lobeliae Chinensis,,,,,H00640
H00060,Radix Isatidis seu Baphicacanthi,,,,,H00649
H00061,Thalictrum petaloideum,,,,,H00666
H00062,Aloe vera var. chinensis,,,,,H00668
H00063,Rhizoma Pinelliae,,,,,H00697
H00064,Herba Scutellariae barbatae,,,,,H00728
H00065,Ephedra lepidosperma,,,,,H00741
H00066,Rhizoma Menispermi,,,,,H00759
H00067,Cedrus atlantica,,,,,H00762
H00069,Aloe ballyi,,,,,H00774
H00070,Radix Glehniae,,,,,H00839
H00071,Fructus Schiandrae,,,,,H00859
H00072,NA,,,,,H00862
H00073,Chrysanthemum boreale,,,,,H00866
H00074,Piperis Longi Fructus,,,,,H00867
H00075,Myroxylon pereirae,,,,,H00869
H00076,Ricinus communis,,,,,H00875
H00077,Semen Ricini,,,,,H00877
H00078,Hypericum wightianum,,,,,H00934
H00079,Flos Dolichoris,,,,,H00948
H00081,Mangifera persiciformis,,,,,H00980
H00082,Herba Polygoni Avicularis,,,,,H01010
H00083,Angelica keiskei,,,,,H01041
H00084,semen arecae,,,,,H01055
H00085,Borneolum syntheticum,,,,,H01059
H00086,Scutellaria scordifolia,,,,,
H00088,herba Menthae,,,,,
H00089,Peumus boldus,,,,,
H00090,Evodia rutaecarpa var. bodinieri,,,,,
H00091,Psoralea corylifolia,,,,,
H00092,Dionaea muscipula,,,,,
H00093,NA,,,,,
H00094,Fructus Xanthii sibirici,,,,,
H00095,Rhizoma Atractylodis,,,,,
H00096,NA,,,,,
H00097,Fructus tsaoko,,,,,
H00098,Cacumen et Folium Biotae,,,,,
H00099,Camellia sinensis [Syn. Thea sinensis],,,,,
H00100,Ligusticum sinense cv. chaxiong,,,,,
H00101,Camellia sinensis,,,,,
H00102,Camellia sinensis [Syn. Thea sinensis],,,,,
H00103,Radix Bupleuri,,,,,
H00104,Trollius macropetalus,,,,,
H00105,Kadsura peltigera [Syn. Kadsura longipedunculata ],,,,,
H00106,Corydalis longicalcarata,,,,,
H00107,Saussurea superba [Syn. Saussurea hieracioides ],,,,,
H00108,Radix Dichroae,,,,,
H00109,Eurycoma longifolia,,,,,
H00110,Massa fermentata medicinalis Preparata,,,,,
H00111,Angelica gigas,,,,,
H00112,Carlina acaulis,,,,,
H00113,Fructus Aurantii Preparata,,,,,
H00114,Plantago asiatica,,,,,
H00115,Herba Plantaginis,,,,,
H00116,Semen Plantaginis,,,,,
H00117,Dodonaea viscosa,,,,,
H00118,Herba Artemisiae Scopariae,,,,,
H00119,Pericarpium Citri Reticulatae,,,,,
H00120,Lignum Aquilariae Resitum,,,,,
H00121,Eupatorium lindleyanum,,,,,
H00122,Tamarix chinensis,,,,,
H00123,Corydalis remota [Syn. Corydalis bulbosa var. typica ],,,,,
H00124,Gymnema sylvestre,,,,,
H00125,Syzygium buxifolium,,,,,
H00126,Radix Paeoniae Rubra,,,,,
H00127,Semen Phaseoli,,,,,
H00128,NA,,,,,
H00129,Lysimachia paridiformis,,,,,
H00130,Fructus Leonuri,,,,,
H00131,Ruta graveolens,,,,,
H00132,Dysosma veitchii,,,,,
H00133,Bulbus Fritillariae Cirrhosae,,,,,
H00134,Rhizoma Coptidis,,,,,
H00135,Scutellaria hypericifolia,,,,,
H00136,Fructus Meliae Toosendan,,,,,
H00137,Caulis Clematidis Armandii,,,,,
H00138,Vladimiria souliei [Syn. Jurinea souliei],,,,,
H00139,Radix Cyathulae,,,,,
H00140,Radix Cudraniae,,,,,
H00141,NA,,,,,
H00142,Radix chuanxiong,,,,,
H00143,Herba Sedi sarmentosi,,,,,
H00144,Cortex Tooe Sinensis,,,,,
H00145,Juniperus oxycedrus,,,,,
H00146,Glycyrrhiza pallidiflora,,,,,
H00147,Pinus aristata,,,,,
H00148,NA,,,,,
H00149,Rosa roxburghii,,,,,
H00150,Eleutherococcus senticosus,,,,,
H00151,Eleutherococcus senticosus,,,,,
H00153,Hippophae rhamnoides,,,,,
H00154,Glycyrrhiza aspera,,,,,
H00155,Celastrus strigillosus,,,,,
H00156,Ficus simplicissima,,,,,
H00157,NA,,,,,
H00158,Senecio oryzetorum,,,,,
H00159,Plantago major,,,,,
H00160,Tanacetum parthenium,,,,,
H00161,Euphorbia hirta,,,,,
H00162,Coffea liberica,,,,,
H00163,Rhodiola crenulata [Syn. Rhodiola euryphylla],,,,,
H00165,Lagerstroemia speciosa,,,,,
H00166,Semen Sojae Germinatus,,,,,
H00167,Herba Cirsii Japonici;Radix Cirsii Japonici;Herba seu Radix Cirsii japonici,,,,,
H00168,Radix euphorbiae pekinensis,,,,,
H00169,Herba Cirsii Japonici;Radix Cirsii Japonici;Herba seu Radix Cirsii japonici,,,,,
H00170,Euphorbia pekinensis,,,,,
H00172,Lysimachia christinae,,,,,
H00173,Cuscuta japonica,,,,,
H00175,Selaginella doederleinii,,,,,
H00176,Ampelopsis megalophylla,,,,,
H00177,Rabdosia macrophylla,,,,,
H00179,NA,,,,,
H00180,Semen Sojae Praeparata,,,,,
H00181,Reseda luteola,,,,,
H00182,Salvia miltiorrhiza,,,,,
H00183,Lysimachia candida,,,,,
H00184,Vitex rotundifolia [Syn. Vitex trifollia var. simplicifolia ],,,,,
H00185,Ephedra monosperma,,,,,
H00186,Radix Angelicae sinensis,,,,,
H00187,Radix Codonopsis pilosulae,,,,,
H00188,Rhizoma Codonopsis pilosulae,,,,,
H00189,Semen Cavaliae,,,,,
H00190,Taraxacum obovatum,,,,,
H00191,Rhodiola atuntsuensis,,,,,
H00192,NA,,,,,
H00193,Medulla Junci,,,,,
H00194,Erigeron breviscapus,,,,,
H00195,Herba Hyperici Japonici,,,,,
H00196,Cortex Illicii,,,,,
H00197,Fructus Kochiae,,,,,
H00198,Cortex Lycii Radicis,,,,,
H00199,NA,,,,,
H00200,NA,,,,,
H00201,Herba Euphorbiae humifusae,,,,,
H00202,Cynanchum thesioides,,,,,
H00203,Radix Sanguisorbae,,,,,
H00204,Scutellaria amoena,,,,,
H00205,Onosma paniculatum,,,,,
H00206,Caulis Erycibes,,,,,
H00207,Flos Caryophylli,,,,,
H00208,Oplopanax elatus,,,,,
H00209,NA,,,,,
H00210,Cordyceps,,,,,
H00212,Semen Benincasae,,,,,
H00213,Fructus Malvae,,,,,
H00214,Rabdosia rubescens,,,,,
H00217,Fructus Amomi Rotundus,,,,,
H00219,Radix Angelicae Pubescentis,,,,,
H00220,Lamiophlomis rotata,,,,,
H00221,Cortex Eucommiae,,,,,
H00223,Coptis chinensis var. brevisepala,,,,,
H00224,Os Draconis Preparata,,,,,
H00225,Concha Arcae Preparata,,,,,
H00226,Herba Clinopodii,,,,,
H00227,Corydalis ledebouriana,,,,,
H00228,Thalictrum ichangense,,,,,
H00229,Meconopsis horridula,,,,,
H00230,Aconitum karakolicum,,,,,
H00231,Paeonia emodi,,,,,
H00232,Erigeron multiradiatus,,,,,
H00233,Aloe spp.,,,,,
H00234,Herba Centipedae,,,,,
H00235,Cynanchum chinense,,,,,
H00236,Anthriscus sylvestris,,,,,
H00237,Rhizoma Curcumae,,,,,
H00238,Hedyotis auricularia,,,,,
H00239,Catechu,,,,,
H00240,Herba Potentillae Discoloris,,,,,
H00241,Folium Sene,,,,,
H00242,Radix Saposhnikoviae divaricatae,,,,,
H00243,Eriocheir Sinensis seu Poramon,,,,,
H00244,Radix Stephaniae Tetrandrae,,,,,
H00245,Smilax menispermoidea,,,,,
H00247,Angelica furcijuga,,,,,
H00248,Pueraria lobata var. thomsonii,,,,,
H00249,NA,,,,,
H00250,Amberboa ramosa,,,,,
H00251,Petasites japonicus,,,,,
H00252,Nidus Vespae,,,,,
H00253,Apis mellifera ligustica,,,,,
H00255,Herba Pteridis multifidae,,,,,
H00256,Pteris cretica var. nervosa [Syn. Pteris nervosa ],,,,,
H00257,Herba Speranskiae tuberculatae,,,,,
H00258,NA,,,,,
H00259,Herba Gnaphalii Affinis,,,,,
H00260,Sedum lineare [Syn. Sedum obtuso-lineare ],,,,,
H00261,Citrus medica var. sarcodactylis,,,,,
H00262,Poria,,,,,
H00263,NA,,,,,
H00264,Herba Spirodelae,,,,,
H00265,Hibiscus rosa-sinensis,,,,,
H00266,Adonis amurensis,,,,,
H00267,Radix Aconiti Lateralis,,,,,
H00268,Radix Glycyrrhizae,,,,,
H00269,Radix Glycyrrhizae uralensis,,,,,
H00270,NA,,,,,
H00271,Rehmannia glutinosa [Syn. Rehmannia glutinosa f. huechingensis],,,,,
H00272,Pueraria thomsonii,,,,,
H00274,Brassica oleracea var. capitata,,,,,
H00275,Resina Toxicodendri,,,,,
H00276,Herba Dracocephali tangutici,,,,,
H00277,Radix seu Rhizoma rdostachyos,,,,,
H00278,Scutellaria rehderiana,,,,,
H00279,Crataegus kansuensis,,,,,
H00280,Radix Kansui,,,,,
H00281,Salvia przewalskii,,,,,
H00283,NA,,,,,
H00284,Sorbaria arborea,,,,,
H00285,Macropiper excelsum,,,,,
H00287,Scutellaria altissima,,,,,
H00288,Coffea excelsa,,,,,
H00289,Radix Ginseng Korea,,,,,
H00291,NA,,,,,
H00292,Radix Puerariae,,,,,
H00293,flos puerariae lobatae,,,,,
H00294,Concha Meretricis seu Cyclinae,,,,,
H00295,Actinidia rubricaulis var. coriacea,,,,,
H00296,Caulis Mahoniae,,,,,
H00297,NA,,,,,
H00298,Ilex cornuta,,,,,
H00299,NA,,,,,
H00300,NA,,,,,
H00301,Cudrania cochinchinensis,,,,,
H00302,Poncirus trifoliata,,,,,
H00303,Poncirus trifoliata,,,,,
H00304,NA,,,,,
H00305,Lycium chinense,,,,,
H00306,Lycium chinense,,,,,
H00307,Fructus Lycii,,,,,
H00308,Broussonetia papyrifera,,,,,
H00309,Ramulus Uncariae cum Uncis,,,,,
H00310,Ancistrocladus korupensis,,,,,
H00311,Flos Eriocauli,,,,,
H00312,Erythroxylum coca,,,,,
H00313,Rhizoma Dryriae,,,,,
H00314,NA,,,,,
H00315,Calycis Melo,,,,,
H00316,NA,,,,,
H00317,NA,,,,,
H00318,Hypericum perforatum,,,,,
H00319,Rhizoma Dryopteris crassirhizomae,,,,,
H00320,Glycyrrhiza glabra,,,,,
H00322,NA,,,,,
H00323,Rubia wallichiana,,,,,
H00324,Rauwolfia nitida,,,,,
H00325,Fructus Choerospondiatis,,,,,
H00326,Plastrum Testudinis,,,,,
H00327,Colla carapacis et plastri testudinis,,,,,
H00328,Caragana jubata,,,,,
H00329,Ramulus Euonymi,,,,,
H00330,Ramulus Euonymi,,,,,
H00331,Dysosma versipellis [Syn. Podophyllum versipelle ],,,,,
H00332,NA,,,,,
H00333,Herba Bidentis,,,,,
H00334,Ramulus Cinmomi,,,,,
H00335,Morinda citrifolia,,,,,
H00336,Acacia catechu,,,,,
H00338,Concha Cyclinae,,,,,
H00339,Adenanthera pavonina,,,,,
H00340,Spora Lygodii,,,,,
H00341,Cortex erythrie,,,,,
H00342,Sargassum,,,,,
H00343,Herba Ecliptae Prostratae,,,,,
H00344,Apium graveolens,,,,,
H00345,Apium graveolens var. dulce,,,,,
H00346,Radix Notoginseng,,,,,
H00347,Calcitum,,,,,
H00348,Scutellaria indica,,,,,
H00349,Mimosa pudica,,,,,
H00350,Angelica taiwaniana,,,,,
H00351,Flos Chrysanthemi,,,,,
H00352,Fructus Carpesii,,,,,
H00353,Polygonum multiflorum,,,,,
H00354,Semen Juglandis,,,,,
H00355,Folium Nelumbinis,,,,,
H00356,Fructus Chebulae,,,,,
H00357,Glycine max,,,,,
H00358,Semen Glycine Max,,,,,
H00360,Tripterygium regelii,,,,,
H00361,Valeriana amurensis,,,,,
H00363,Scurrura atropurpurea,,,,,
H00366,Trifolium pratense,,,,,
H00367,Capsicum annuum,,,,,
H00368,NA,,,,,
H00369,Flos Carthami,,,,,
H00370,Gentiana rhodantha,,,,,
H00371,Meconopsis punicea,,,,,
H00372,Radix et Rhizoma Rhodiolae,,,,,
H00373,Chamaenerion angustifolium [Syn. Epilobium angustifolium ],,,,,
H00374,Herba Lagotidis,,,,,
H00375,NA,,,,,
H00376,Semen Oryzae cum Monasco Fermentatum,,,,,
H00377,Radix Ginseng Rubra,,,,,
H00378,Magnolia officinalis,,,,,
H00379,NA,,,,,
H00380,NA,,,,,
H00381,Cortex Magnoliae officilis,,,,,
H00382,Flos Magnoliae Offcinalis,,,,,
H00383,Saxifraga Stolonifera,,,,,
H00384,NA,,,,,
H00385,Herba Visci,,,,,
H00386,Fructus Piperis,,,,,
H00387,NA,,,,,
H00388,Tadehagi triquetrum,,,,,
H00389,Rhodiola subopposita,,,,,
H00391,Rhizoma Polygoni cuspidati,,,,,
H00392,Fraxinus ornus,,,,,
H00393,Radix Trichosanthis,,,,,
H00394,Uncaria sinensis,,,,,
H00395,Pericarpium Zanthoxyli,,,,,
H00396,Exocarpium Citri grandis,,,,,
H00397,Actinidia glaucophylla,,,,,
H00398,Evodia austrosinensis,,,,,
H00399,Ophicalcitum,,,,,
H00400,Symplocos chinensis,,,,,
H00401,Testa Arachidis Hypogaeae,,,,,
H00402,Schisandra sphenanthera,,,,,
H00403,Sophora japonica,,,,,
H00404,flos Sophorae,,,,,
H00405,fructus Sophorae,,,,,
H00406,Phellodendron amurense,,,,,
H00407,Cortex Phellodendri,,,,,
H00408,Glycyrrhiza kansuensis,,,,,
H00409,Hypericum ascyron,,,,,
H00410,Lonicera fulvotomentosa,,,,,
H00411,Patrinia scabiosaefolia,,,,,
H00412,Artemisia annua,,,,,
H00413,Piptanthus nepalensis,,,,,
H00414,Rhizoma Polygoti,,,,,
H00416,Rhizoma Coptidis,,,,,
H00417,Pueraria calycina,,,,,
H00418,Radix Astragali,,,,,
H00419,Radix Scutellariae,,,,,
H00420,Abelmoschus manihot,,,,,
H00421,Rhizoma Dioscoreae bulbiferae,,,,,
H00422,Lupinus luteus,,,,,
H00423,Foeniculum vulgare,,,,,
H00424,Semen Canbis;Fructus Canbis,,,,,
H00425,Herba Capsellae,,,,,
H00426,Capsella bursa- pastoris,,,,,
H00427,Glycyrrhiza echinata,,,,,
H00428,Herba Abri,,,,,
H00429,Flos Celosiae cristatae,,,,,
H00430,Erythrina latissima,,,,,
H00431,Fructus Tribuli,,,,,
H00432,Loropetalum chinense,,,,,
H00433,Gallus gallus domesticus,,,,,
H00434,Piper guineense,,,,,
H00435,Rhodiola algida,,,,,
H00436,Plumbagella micrantha,,,,,
H00437,Reineckea carnea,,,,,
H00438,Semen Impatientis,,,,,
H00439,herba centellae,,,,,
H00440,Caulis Millettiae; Caulis spatholobi,,,,,
H00441,Kummerowia striata,,,,,
H00442,Sinoadina racemosa [Syn. Adina racemosa ],,,,,
H00443,Bacopa monniera,,,,,
H00444,Nerium indicum,,,,,
H00445,Arnebia guttata,,,,,
H00446,Cassia acutifolia,,,,,
H00447,Epimedium sagittatum,,,,,
H00448,Perilla frutescens var. acuta,,,,,
H00449,Cortex Zingiberis,,,,,
H00450,Lignum Dalbergiae odoriferae Rosewood,,,,,
H00451,NA,,,,,
H00452,NA,,,,,
H00453,NA,,,,,
H00454,Ceratostigma plumbaginoides,,,,,
H00456,Radix Platycodi,,,,,
H00457,Sambucus williamsii,,,,,
H00458,Herba Inulae,,,,,
H00459,Actinidia chrysantha,,,,,
H00460,Berberis wilsonae,,,,,
H00462,Flos Trollii chinensis,,,,,
H00463,Cibotium barometz [Syn. Polypodium barometz ],,,,,
H00464,Herba Glechomae Longitubae,,,,,
H00465,Rhizoma Fagopyri Cymosi,,,,,
H00466,Hypericum patulum,,,,,
H00467,Craibiodendron yunnanese,,,,,
H00468,Flos Lonicerae,,,,,
H00469,Fructus Rosae laevigatae,,,,,
H00470,Radix Euphorbia Pekinensis,,,,,
H00471,Herba Schizonepetae,,,,,
H00472,NA,,,,,
H00473,Actinidia callosa var. henryi,,,,,
H00474,NA,,,,,
H00475,NA,,,,,
H00477,Aspongopus,,,,,
H00478,Flos Chrysanthemi,,,,,
H00479,Herba Cichorii,,,,,
H00480,Citrus reticulata,,,,,
H00481,folium citri tangerie,,,,,
H00483,Herba Selaginellae,,,,,
H00484,Semen Cassiae,,,,,
H00485,Piper methysticum,,,,,
H00487,Tagetes patula,,,,,
H00488,Ulva pertusa,,,,,
H00489,Herba Corydalis bungeae,,,,,
H00491,Sophora alopecuroides,,,,,
H00492,Herba Sophorae Alopecuroidis,,,,,
H00493,Conyza blinii,,,,,
H00494,Fagopyrum tataricum,,,,,
H00495,Radix Sophorae flavescentis,,,,,
H00496,Sophora flavescens [Syn. Sophora angustfolia],,,,,
H00497,Semen armeniacae amarum,,,,,
H00498,Phlomis tuberosa,,,,,
H00499,flos farfarae,,,,,
H00500,Typha latifolia,,,,,
H00501,Tripterygium hypoglaucum,,,,,
H00502,Actinidia latifolia,,,,,
H00503,fructus Capsici,,,,,
H00504,Raphanus sativus,,,,,
H00505,Semen Raphani,,,,,
H00506,Brandisia hancei,,,,,
H00507,Extractum Piri Laiyanensis,,,,,
H00508,Isodon japonica var. glaucocalyx,,,,,
H00509,NA,,,,,
H00510,Bidens tripartita,,,,,
H00511,Herba ErodiiHerba Geranii,,,,,
H00512,Acanthus ilicifolius,,,,,
H00513,radix tripterygii wilfordii,,,,,
H00514,Viscum angulatum,,,,,
H00515,Scutellaria likiangensis,,,,,
H00516,Ephedra likiangensis,,,,,
H00517,Peucedanum govanianum var. bicolo,,,,,
H00518,pericarpium pyri,,,,,
H00519,Semen Litchi,,,,,
H00520,Receptaculum Nelumbinis,,,,,
H00521,Fructus Forsythiae,,,,,
H00522,Stamen Nelumbinis,,,,,
H00523,Plumula Nelumbinis,,,,,
H00524,Radix Zanthoxyli,,,,,
H00525,Rhododendron huianum,,,,,
H00526,Folium Polygoni Tinctorii,,,,,
H00527,Crataegus sanguinea,,,,,
H00528,NA,,,,,
H00529,Rhododendron mariae,,,,,
H00530,Flos Campsis,,,,,
H00531,NA,,,,,
H00532,Ganoderma Lucidum seu Japonicum,,,,,
H00533,Herba Artemisiae Anomalae,,,,,
H00534,Massa Medicata Fermentata,,,,,
H00535,Ixora chinensis,,,,,
H00536,NA,,,,,
H00537,Os Draconis,,,,,
H00538,Solanum nigrum L.,,,,,
H00539,Solanum nigrum L.,,,,,
H00541,Clerodendron cyrtophyllum,,,,,
H00542,Rhaponticum carthamoides,,,,,
H00543,Rhizoma Phragmitis,,,,,
H00544,Aloe,,,,,
H00545,Cornu Cervi,,,,,
H00546,Fructus Liquidambaris,,,,,
H00547,Pyrrosia sheareri,,,,,
H00548,Isodon rubescens var. lushanensis,,,,,
H00549,Isodon rubescens var. lushiensis,,,,,
H00550,herba pyrolae chinensis,,,,,
H00551,Apocynum venetum,,,,,
H00552,Rauvolfia verticillata,,,,,
H00553,Fructus Momordicae,,,,,
H00554,Arachis hypogaea,,,,,
H00555,Arachis hypogaea,,,,,
H00556,Caulis Trachelospermi,,,,,
H00557,Alhagi pseudalhagi,,,,,
H00558,NA,,,,,
H00559,Hypericum laricifolium,,,,,
H00560,Herba Humuli Scandentis,,,,,
H00563,herba meconpsis integrifoliae,,,,,
H00564,Herba Verbae,,,,,
H00565,Herba Portulacae,,,,,
H00566,Cannabis sativa,,,,,
H00567,Herba Ephedrae,,,,,
H00568,Radix Ephedrae,,,,,
H00569,Bauhinia malabarica,,,,,
H00570,Semen Strychni,,,,,
H00571,Aloe marlothii,,,,,
H00572,Radix et Rhizoma Thalictri,,,,,
H00573,Rhododendron ovatum,,,,,
H00574,Fructus Hordei Germitus,,,,,
H00575,Fructus Viticis,,,,,
H00576,Folium Rhododendri Daurici,,,,,
H00577,Flemingia philippinensis [Syn. Moghania philippinensis],,,,,
H00578,Mangifera indica,,,,,
H00579,NA,,,,,
H00580,Erodium stephanianum,,,,,
H00581,Populus tomentosa,,,,,
H00582,Caragana tibetica,,,,,
H00583,Digitalis purpurea,,,,,
H00584,Ilex pubescens,,,,,
H00585,Drosera peltata var. lunata,,,,,
H00586,Rhododendron seniavinii,,,,,
H00587,Isodon trichocarpa,,,,,
H00588,Actinidia eriantha,,,,,
H00589,NA,,,,,
H00590,Datura innoxia,,,,,
H00591,Clerodendranthus spicatus,,,,,
H00592,Veratrum grandiflorum,,,,,
H00593,Rabdosia japonica,,,,,
H00594,Radix Ranunculi Terti,,,,,
H00595,Corydalis rosea,,,,,
H00596,Flos Rosae Rugosae,,,,,
H00597,Flos Mume,,,,,
H00598,Mitragyna speciosa,,,,,
H00599,Actinidia deliciosa,,,,,
H00600,Parmelia tinctorum,,,,,
H00602,Glycyrrhiza lepidota,,,,,
H00603,Hamamelis virginiana,,,,,
H00604,Celastrus scandens,,,,,
H00605,Astragalus mongholicus,,,,,
H00606,Actinidia arguta,,,,,
H00608,Libanotis condensata,,,,,
H00610,Flos Buddlejae,,,,,
H00611,NA,,,,,
H00612,Isodon lasiocarpus,,,,,
H00613,Changium smyrnioides,,,,,
H00615,Ephedra przewalskii,,,,,
H00616,herba ecliptae,,,,,
H00617,Myrrha,,,,,
H00618,Cortex Moutan,,,,,
H00619,Fructus Caryophylli,,,,,
H00620,Fructus Chaenomelis,,,,,
H00621,Semen Oroxyli,,,,,
H00622,Oroxylum indicum,,,,,
H00623,Hibiscus syriacus,,,,,
H00624,Folium Viticis Negundo,,,,,
H00625,Matricaria chamomilla [Syn. Matricaria recutita ],,,,,
H00626,Crassostrea gigas,,,,,
H00628,Flos Gossampini,,,,,
H00629,Actinidia polygama,,,,,
H00630,Caulis Aristolochiae seu Clematis,,,,,
H00631,Radix Aucklandiae,,,,,
H00632,Herba Equiseti Hiemalis,,,,,
H00633,Ephedra equisetina,,,,,
H00634,Microtoena prainiana,,,,,
H00635,Cuscuta australis,,,,,
H00636,Harpagophytum procumbens,,,,,
H00637,Salvia sclarea,,,,,
H00638,Radix Adenophorae,,,,,
H00639,Celastrus orbiculatus [Syn. Celastrus articulatus ],,,,,
H00640,NA,,,,,
H00641,Flos Rhododendri Mollis,,,,,
H00643,Geranium nepalense,,,,,
H00645,Citrus limon,,,,,
H00646,Lycium barbarum,,,,,
H00647,Arctium lappa,,,,,
H00648,Fructus Arctii lappae,,,,,
H00649,NA,,,,,
H00650,Calculus Bovis,,,,,
H00651,Sonchus arvensis,,,,,
H00652,Radix Achyranthis bidentatae,,,,,
H00653,Fructus Ligustri lucidi,,,,,
H00654,Radix Oryzae Glutinosae,,,,,
H00655,Fructus Ligustri lucidi,,,,,
H00656,Mentha longifolia,,,,,
H00657,Levisticum officinale,,,,,
H00659,nodus nelumbinis rhizomatis,,,,,
H00660,Erica arborea,,,,,
H00661,Nelumbinis rhizomatis Preparata,,,,,
H00662,Asarum europaeum,,,,,
H00663,Glycyrrhiza glabra var. typica,,,,,
H00664,Aesculus hippocastanum,,,,,
H00665,Derris scandens,,,,,
H00666,NA,,,,,
H00667,Herba Eupatorii,,,,,
H00668,NA,,,,,
H00669,Humulus lupulus,,,,,
H00670,Cuscuta lupuliformis,,,,,
H00671,Folium Eriobotryae,,,,,
H00673,Rhizoma Wenyujin Concisum,,,,,
H00675,Fructus Psoraleae Corylifoliae,,,,,
H00676,Camellia sinensis var. assamica,,,,,
H00677,Taraxacum mongolicum,,,,,
H00678,pollen typhae,,,,,
H00681,Vitis vinifera,,,,,
H00682,Aesculus chinensis,,,,,
H00683,radix Peucedani,,,,,
H00684,Radix Moghaniae Philippinensis,,,,,
H00685,Stephania japonica,,,,,
H00686,Senecio scandens,,,,,
H00687,Rhizoma Homalomee occultae,,,,,
H00688,Semen Pharbitidis,,,,,
H00689,Lythrum salicaria,,,,,
H00690,Semen Euryales,,,,,
H00692,Erythrina arborescens,,,,,
H00694,Radix Gentiae macrophyllae,,,,,
H00695,Panax japonicus var. major,,,,,
H00696,Cortex Fraxini,,,,,
H00697,NA,,,,,
H00698,Herba Artemisiae Annuae,,,,,
H00699,Vatica rassak,,,,,
H00700,Pericarpium Citri Reticulatae Viride,,,,,
H00701,Herba Nerviliae,,,,,
H00703,Flemingia strobilifera,,,,,
H00704,herba Dianthi,,,,,
H00705,Rhizoma Bistortae,,,,,
H00706,Genista tinctoria,,,,,
H00707,Lonicera japonica,,,,,
H00708,Panax ginseng,,,,,
H00709,Panax ginseng x P . quinquefolium,,,,,
H00710,Folium Ginseng,,,,,
H00712,Magnolia obovata,,,,,
H00713,Chamaecyparis pisifera,,,,,
H00714,Phellodendron japonicum,,,,,
H00716,Lythrum anceps,,,,,
H00717,Prunus yedoensis,,,,,
H00718,Herba Cistanches,,,,,
H00719,Cortex Cinmomi,,,,,
H00720,Resi oliani,,,,,
H00721,Rhododendron lingii,,,,,
H00722,Heracleum lanatum,,,,,
H00723,Nux Prinsepiae,,,,,
H00724,Rhizoma seu Herba Saururi,,,,,
H00725,Cephalotaxus fortunei,,,,,
H00726,Rhizoma Sparganii,,,,,
H00727,Radix Notoginseng,,,,,
H00728,NA,,,,,
H00729,Erica umbellata,,,,,
H00730,Phellinus igniarius,,,,,
H00731,Herba Taxilli,,,,,
H00732,Ootheca Mantidis,,,,,
H00733,Fructus Mori,,,,,
H00734,Folium Mori,,,,,
H00735,Ramulus Mori,,,,,
H00736,fructus hippophae,,,,,
H00737,Fructus Amomi,,,,,
H00738,Radix Glehniae,,,,,
H00739,Sophora moorcroftiana,,,,,
H00740,Helichrysum arenarium,,,,,
H00741,NA,,,,,
H00742,Semen Astragali Complati,,,,,
H00743,Aconitum monticola,,,,,
H00744,Radix Sophorae Tonkinensis,,,,,
H00746,Diphylleia grayi,,,,,
H00747,Ixeris chinensis,,,,,
H00748,Crataegus pinnatifida var. major,,,,,
H00749,Ephedra gerardiana,,,,,
H00750,Desmodium racemosum,,,,,
H00751,Rhizoma Kaempferiae,,,,,
H00752,Prunus davidiana,,,,,
H00753,Prunus davidiana,,,,,
H00754,Lactuca indica,,,,,
H00755,Sanguis Naemorhedi,,,,,
H00756,Vicia amoena,,,,,
H00757,Crataegus pinnatifida,,,,,
H00758,Semen Crataegi,,,,,
H00759,NA,,,,,
H00760,Fructus Corni,,,,,
H00761,Garcinia multiflora,,,,,
H00762,NA,,,,,
H00763,Fructus Cnidii,,,,,
H00764,Rhizoma Belamcandae,,,,,
H00765,Ampelopsis brevipedunculata,,,,,
H00766,"Moschus moschiferus, Moschus berezovskii, Moschus sifanicus",,,,,
H00767,Thymus vulgaris,,,,,
H00768,Andrographis elongata,,,,,
H00769,Rhodiola coccinea,,,,,
H00770,Rhodiola sacra,,,,,
H00771,Radix Rehmanniae,,,,,
H00772,Ageratum conyzoides,,,,,
H00773,Sophora Japonica L,,,,,
H00774,NA,,,,,
H00775,Rhizoma Cimicifugae,,,,,
H00776,Rhizoma Acori Talarinowii,,,,,
H00777,Calyx Kaki,,,,,
H00778,Herba Dendrobii,,,,,
H00779,Evodia rutaecarpa var. officinalis,,,,,
H00780,Concha Haliotidis,,,,,
H00781,Fructus Quisqualis,,,,,
H00782,Pericarpium Grati,,,,,
H00783,Gentianopsis paludosa,,,,,
H00784,Psilotum nudum,,,,,
H00785,Diospyros kaki,,,,,
H00787,Rhamnus davurica,,,,,
H00788,Geranium sibiricum,,,,,
H00789,Ephedra procera,,,,,
H00790,Flos Lonicerae,,,,,
H00791,Ephedra distachya,,,,,
H00793,Fructus Polygoni Orientalis,,,,,
H00794,Veronica anagalis aquatica L.,,,,,
H00795,Saussurea medusa,,,,,
H00796,Oldenlandia corymbosa,,,,,
H00797,Schnabelia tetradonta,,,,,
H00798,Folium Llicis Chinensis,,,,,
H00799,Rhodiola quadrifida,,,,,
H00800,Lignum Pini Nodi,,,,,
H00801,Folium Pini,,,,,
H00802,Cola acuminata,,,,,
H00803,Styrax,,,,,
H00804,Caesalpinia sappan,,,,,
H00805,Tamarindus indica,,,,,
H00806,Rumex acetosa,,,,,
H00807,Ziziphus jujuba var. spinosa,,,,,
H00808,Semen Aesculi,,,,,
H00809,Cephalotaxus wilsoniana,,,,,
H00810,Hibiscus taiwanensis,,,,,
H00811,Goniothalamus amuyon,,,,,
H00812,Ajuga taiwanensis,,,,,
H00813,Taraxacum formosanum,,,,,
H00814,Radix Pseudostellariae,,,,,
H00815,Lignum Santaii Albi,,,,,
H00816,Prunus persica,,,,,
H00817,Prunus persica,,,,,
H00818,Rhodomyrtus tomentosa,,,,,
H00819,Prunus persica,,,,,
H00820,Semen Persicae,,,,,
H00821,Prunus persica,,,,,
H00822,Prunus persica,,,,,
H00823,Garcinia morella,,,,,
H00824,Garcinia cambogia,,,,,
H00825,Radix Asparagi,,,,,
H00826,Semen Cucumis,,,,,
H00827,Radix Semiaquilegiae,,,,,
H00828,Gastrodia elata,,,,,
H00829,Asparagus cochinchinensis [Syn. Asparagus lucidus ],,,,,
H00830,Rheum wittrocki,,,,,
H00831,Garcinia dulcis,,,,,
H00832,Concretio Silicea Bambusae,,,,,
H00833,Radix Smilacis,,,,,
H00834,Herba Acalyphae,,,,,
H00835,Semen Lepiddi seu Descurainiae;Semen Lepidii；Semen Descurainiae,,,,,
H00836,Cinchona cuprea,,,,,
H00838,Rhizoma Smilacis Glabrae,,,,,
H00839,NA,,,,,
H00840,Senecio chrysanthemoides,,,,,
H00841,Semen Cuseutae,,,,,
H00842,Origanum vulgare,,,,,
H00843,Concha Arcae,,,,,
H00844,Hypericum curvisepalum,,,,,
H00845,Herba Artemisiae,,,,,
H00846,Tagetes erecta,,,,,
H00847,Semen Vaccariae,,,,,
H00848,Magnolia biondii,,,,,
H00849,Trichosanthes cucumeroides,,,,,
H00850,Cassia occidentalis,,,,,
H00851,Herba Potentillae Chinensis,,,,,
H00852,Radix Clematidis,,,,,
H00853,Rabdosia excisa,,,,,
H00854,Equisetum arvense,,,,,
H00856,Diphylleia sinensis,,,,,
H00858,Ficus carica,,,,,
H00859,NA,,,,,
H00860,Sapindus mukorossi,,,,,
H00861,Gallus domesticus,,,,,
H00862,NA,,,,,
H00863,Aquilegia ecalcarata,,,,,
H00864,Fructus Mume,,,,,
H00865,Firmiana simplex,,,,,
H00866,NA,,,,,
H00867,NA,,,,,
H00868,Firmiana simplex,,,,,
H00869,NA,,,,,
H00870,Aconitum carmichaeli,,,,,
H00871,Schisandra chinensis,,,,,
H00872,Radix Linderae,,,,,
H00873,Fructus Evodiae,,,,,
H00874,Sepiella maindronide Rochebrune,,,,,
H00875,NA,,,,,
H00876,Fructus Evodiae,,,,,
H00877,NA,,,,,
H00878,Lysimachia capillipes,,,,,
H00880,Cacumen Tamaricis,,,,,
H00881,Stigma Croci,,,,,
H00882,Rabdosia serra,,,,,
H00883,Rhinoceros sumatrensis,,,,,
H00884,Cinnamomum zeylanicum,,,,,
H00885,Rhodiola himalansis,,,,,
H00886,Camptotheca acuminata,,,,,
H00887,Isodon shikokiana var. occidentalis,,,,,
H00888,Siegesbeckia orientalis,,,,,
H00889,Herba Asari,,,,,
H00890,Radix Pacis quinquefolii,,,,,
H00891,Picrorhiza scrophulariiflora,,,,,
H00892,Ephedra intermedia var. tibetica,,,,,
H00893,Lonicera similis,,,,,
H00894,Ephedra regeliana,,,,,
H00895,Isodon lophanthoides var. gerardiana,,,,,
H00896,Spica Prunellae,,,,,
H00900,Rhodiola kirilowii,,,,,
H00903,Typha angustifolia,,,,,
H00904,Ampelopsis grossedentata,,,,,
H00905,Herba Agrimoniae,,,,,
H00906,Berberis diaphana,,,,,
H00907,Rabdosia nervosa,,,,,
H00908,Rhizoma Curculiginis,,,,,
H00909,Opuntia dillenii,,,,,
H00910,Rhizoma Cyperi,,,,,
H00912,Herba Elsholtziae,,,,,
H00913,Abrus Precatorius,,,,,
H00914,Berberis amurensis,,,,,
H00915,Herba Plantaginis minutae,,,,,
H00916,Radix Glycyrrhizae,,,,,
H00917,Coffea arabica,,,,,
H00919,Herba Cirsii,,,,,
H00921,Piptanthus nanus,,,,,
H00922,Medulla Stachyuri Medulla Helwingiae,,,,,
H00923,Bupleurum smithii var. parvifolium,,,,,
H00924,Murraya paniculata var. exotica,,,,,
H00925,Gnetum parvifolium,,,,,
H00926,Bulbus Allii Macrostemi,,,,,
H00927,Valeriana officinalis,,,,,
H00928,Semen Sojae,,,,,
H00929,Bupleurum sibiricum,,,,,
H00930,Cimicifuga dahurica,,,,,
H00931,Selenarctos thibetanus,,,,,
H00932,Salvia staminea,,,,,
H00933,Radix Dipsaci,,,,,
H00934,NA,,,,,
H00935,Flos Inulae,,,,,
H00936,caulis rubi corchorfolii,,,,,
H00937,Radix Scrophulariae,,,,,
H00938,Aconitum nagarum var. lasiandrum,,,,,
H00939,Saussurea involucrata,,,,,
H00940,Fructus Bruceae,,,,,
H00941,Cryptotaenia japonica,,,,,
H00942,Artemisia lactiflora,,,,,
H00943,Semen Lini,,,,,
H00944,Herba Commelie,,,,,
H00945,Nicotiana tabacum,,,,,
H00946,Rhizoma Corydalis,,,,,
H00948,NA,,,,,
H00949,Flos Daturae,,,,,
H00951,Myrica rubra,,,,,
H00952,Syzygium samarangense,,,,,
H00953,Achillea millefolium,,,,,
H00955,Taraxacum officinale,,,,,
H00957,Chrysanthemum indicum,,,,,
H00958,Flos Chrysanthemi Indici,,,,,
H00959,Crataegus cuneata,,,,,
H00960,Phyllanthus urinaria,,,,,
H00963,Evodia baberi,,,,,
H00964,Coix lacryma-jobi,,,,,
H00965,Leonurus japonicus,,,,,
H00967,NA,,,,,
H00968,Alpinia oxyphylla,,,,,
H00969,Ephedra minuta var. dioeca,,,,,
H00970,Urtica dioica,,,,,
H00971,Acer saccharinum,,,,,
H00972,Populus alba,,,,,
H00973,Radix Stellariae,,,,,
H00974,Herba Artemisiae Scopariae,,,,,
H00975,Rauwolfia serpentina,,,,,
H00976,Siphonostegia chinensis,,,,,
H00977,Rhododendron mucronulatum,,,,,
H00978,Papaver somniferum,,,,,
H00979,pericarpium papaveris,,,,,
H00980,NA,,,,,
H00981,Ardisia colorata,,,,,
H00982,Astragalus oleifolius,,,,,
H00983,Fructus Phyllanthi,,,,,
H00984,Semen Pruni,,,,,
H00985,Limonitum,,,,,
H00986,Stigma Maydis,,,,,
H00987,Herba Houttuyniae,,,,,
H00988,Syringa pinnafolia,,,,,
H00990,Fructus Akebiae,,,,,
H00991,Radix Echinopsis,,,,,
H00992,Hypericum sampsonii,,,,,
H00993,Rhodiola juparensis,,,,,
H00994,Angelica archangelica,,,,,
H00995,Glycyrrhiza squamulosa,,,,,
H00996,Flos Genkwa,,,,,
H00997,Daphne genkwa,,,,,
H00998,Caulis Genkwa,,,,,
H00999,Coriandri Sativi Herba,,,,,
H01000,Drosera rotundifolia,,,,,
H01001,Polygala tenuifolia,,,,,
H01002,Flos Rosae chinensis,,,,,
H01003,Glycyrrhiza yunnanensis,,,,,
H01004,Pueraria peduncularis,,,,,
H01005,Rhodiola yunnanesis,,,,,
H01006,Coptis teetoides [Syn. Coptis teeta],,,,,
H01007,Rauvolfia yunnanensis,,,,,
H01008,Crataegus scabrifolia,,,,,
H01009,Gmelina arborea,,,,,
H01010,NA,,,,,
H01011,Trifolium hybridum,,,,,
H01012,Crocus sativus,,,,,
H01013,Ephedra saxatilis,,,,,
H01015,Terra Flava Usta,,,,,
H01016,Spi gleditsiae,,,,,
H01017,Herba Lycopi,,,,,
H01018,Rhizoma Alismatis,,,,,
H01019,Pterospermum lanceaefolium,,,,,
H01020,Hypericum lancasteri,,,,,
H01021,Scutellaria viscidula,,,,,
H01022,Glycyrrhiza inflata,,,,,
H01023,Rheum palmatum,,,,,
H01024,Rhododendron micranthum,,,,,
H01025,Margarita,,,,,
H01026,Sorbaria sorbifolia,,,,,
H01027,Radix Glycyrrhizae Praeparata,,,,,
H01028,Radix Glycyrrhizae Preparata,,,,,
H01030,Poncirus trifoliata,,,,,
H01031,Magnoliae Officinalis Praeparata,,,,,
H01032,Fructus Aurantii,,,,,
H01034,Semen Strychni Praeparata,,,,,
H01035,Anemarrhena asphodeloides,,,,,
H01036,Fructus Aurantii,,,,,
H01037,Rhizoma Cimicifugae Praeparata,,,,,
H01038,Fructus Aurantii Immaturus,,,,,
H01039,Valeriana jatamansi,,,,,
H01040,Fructus Gardeniae,,,,,
H01041,NA,,,,,
H01042,Hippophae rhamnoides subsp. sinensis,,,,,
H01043,Inula britannica var. chinensis,,,,,
H01045,Herba Sarcatidrae,,,,,
H01046,Ephedra intermedia,,,,,
H01047,Hippophae rhamnoides subsp. turkestanica,,,,,
H01048,Isodon rugosus,,,,,
H01050,Citrus decumana,,,,,
H01051,Radix Boehmeriae,,,,,
H01052,Rhizoma Panacis Majoris,,,,,
H01053,Aconitum soongaricum,,,,,
H01054,Radix Arnebiae seu Lithospermi,,,,,
H01055,NA,,,,,
H01056,Ceratostigma willmottianum,,,,,
H01057,Ardisia japonica,,,,,
H01058,Cuminum cyminum,,,,,
H01059,NA,,,,,
H01060,Fructus Perillae,,,,,
H01061,Amorpha fruticosa,,,,,
H01062,radix asteris,,,,,
H01063,Lagerstroemia indica,,,,,
H01064,Campsis grandiflora,,,,,
H01065,Plumbago indica,,,,,
H01066,Trachycarpus fortunei,,,,,
H01067,Cimicifuga racemosa,,,,,
H01068,Oxalis corniculata [Syn. Oxalis repens],,,,,
H01069,Serenoa repens,,,,,
H01070,Uvaria chamae,,,,,
H01071,Syzygium aromaticum,,,,,
H01072,Hibiscus sabdariffa,,,,,
H01073,Moringa oleifera,,,,,
H01075,Stevia rebaudiana,,,,,
H01076,Centella asiatica,,,,,
H01077,Andrographis paniculata,,,,,
H01079,Ulmus rubra,,,,,
H01080,cnicus benedictus,,,,,
H01081,Laminaria digitata,,,,,
H01082,Kaempferia galanga,,,,,
H01083,Angelica sinensis,,,,,
H01084,Myristica fragrans,,,,,
H01085,Aronia melanocarpa,,,,,
H01086,Rhodiola rosea,,,,,
H01087,Melilotus officinalis,,,,,
H01090,Sutherlandia frutescens,,,,,
H01091,Cassia auriculata L.,,,,,
H01092,Ligusticum chuanxiong,,,,,
H01093,Nigella sativa,,,,,
H01094,Actaea racemosa,,,,,
H01095,Caulophyllum thalictroides,,,,,
H01096,Eugenia jambolana,,,,,
H01097,Angelicae Tenuissima Radix,,,,,
H01098,Citrus grandis,,,,,
H01099,Echinacea purpurea,,,,,
H01100,Rehmannia glutinosa,,,,,
H01101,Fucus vesiculosus,,,,,
H01102,Ginkgo biloba,,,,,
H01103,Kaempferia parviflora,,,,,
H01104,Polygonum Capitatum,,,,,
H01105,Phyllanthus Amarus,,,,,
H01106,Silybum Marianum,,,,,
H01107,Colubrina arborescens,,,,,
H01108,Anthemis nobilis,,,,,
H01109,Holothuria leucospilota,,,,,
H01110,Anthemis altissima,,,,,
H01111,Saussurea lappa,,,,,
H01112,Acorus gramineus,,,,,
H01113,Bacopa monnieri,,,,,
H01114,Clonorchis sinensis,,,,,
H01115,Lepidium meyenii,,,,,
H01116,Mucuna pruriens,,,,,
H01117,Peganum harmala,,,,,
H01118,Vitex agnus-castus,,,,,
H01119,Cyperus rotundus,,,,,
H01120,Lespedeza bicolor,,,,,
H01121,Terminalia chebula,,,,,
H01122,Alisma orientalis,,,,,
H01123,Galanthus nivalis,,,,,
H01124,Galanthus woronowii,,,,,
H01125,Lycoris radiata [Syn. Amaryllis radiata],,,,,
H01126,Aframomum melegueta,,,,,
H01127,Commiphora mukul,,,,,
H01128,Pseudolarix kaempferi,,,,,
H01129,Scrophularia buergeriana,,,,,
H01130,Morinda lucida,,,,,
H01131,Paeonia lactiflora wild,,,,,
H01132,Phellodendron wilsonii,,,,,
H01133,Peltophorum pterocarpum,,,,,
H01134,Mentha spicata,,,,,
H01135,Atractylodes lancea,,,,,
H01136,Marsdenia tenacissima,,,,,
H01137,Stephania tetrandra,,,,,
H01138,Uncaria tomentosa,,,,,
H01139,Oenothera biennis,,,,,
H01140,Garcinia kola,,,,,
H01141,Azadirachta indica,,,,,
H01142,Cola nitida,,,,,
H01143,Crataegus oxyacantha,,,,,
H01144,Psidium guajava,,,,,
H01145,Camellia japonica,,,,,
H01146,Citrus wilsonii,,,,,
H01147,Croton tonkinensis,,,,,
H01148,Piper longum,,,,,
H01149,Scutellaria baicalensis,,,,,
H01150,Abelmoschus moschatus [Syn. Hibiscus abelmoschus],,,,,
H01151,Asparagus falcatus,,,,,
H01152,Barleria prionitis,,,,,
H01153,Pistacia atlantica,,,,,
H01154,Solanum xanthocarpum,,,,,
H01155,Eclipta prostrata,,,,,
